{"cameraMode":{"drawMode":0,"name":"Shaded","section":"Shading Mode"},"sceneLighting":false,"audioPlay":false,"sceneViewState":{"showFog":true,"showMaterialUpdate":false,"showSkybox":false,"showFlares":true,"showImageEffects":true,"showParticleSystems":true},"in2DMode":false,"pivot":{"x":0.0002250075340270996,"y":0.5351700186729431,"z":-0.049754977226257327},"rotation":{"x":-0.2957656979560852,"y":-0.0852547436952591,"z":0.02651204541325569,"w":-0.9510790705680847},"size":3.6627371311187746,"orthographic":false}