{"cameraMode":{"drawMode":0,"name":"Shaded","section":"Shading Mode"},"sceneLighting":false,"audioPlay":false,"sceneViewState":{"showFog":true,"showMaterialUpdate":false,"showSkybox":false,"showFlares":true,"showImageEffects":true,"showParticleSystems":true},"in2DMode":false,"pivot":{"x":-1.8894776105880738,"y":0.6130350828170776,"z":-0.049754977226257327},"rotation":{"x":0.0034791631624102594,"y":0.6342142820358276,"z":-0.0028540173079818489,"w":0.7731442451477051},"size":3.509941577911377,"orthographic":true}