{"cameraMode":{"drawMode":0,"name":"Shaded","section":"Shading Mode"},"sceneLighting":false,"audioPlay":false,"sceneViewState":{"showFog":true,"showMaterialUpdate":false,"showSkybox":false,"showFlares":true,"showImageEffects":true,"showParticleSystems":true},"in2DMode":false,"pivot":{"x":-2.0485727787017824,"y":0.6261487007141113,"z":-2.1097567081451418},"rotation":{"x":-0.2957656979560852,"y":-0.0852547436952591,"z":0.02651204541325569,"w":-0.9510790705680847},"size":3.0441746711730959,"orthographic":false}