{"cameraMode":{"drawMode":0,"name":"Shaded","section":"Shading Mode"},"sceneLighting":false,"audioPlay":false,"sceneViewState":{"showFog":true,"showMaterialUpdate":false,"showSkybox":false,"showFlares":true,"showImageEffects":true,"showParticleSystems":true},"in2DMode":false,"pivot":{"x":-2.186830759048462,"y":9.571113586425782,"z":-2.305055618286133},"rotation":{"x":-0.25812020897865298,"y":-0.308501273393631,"z":0.08737553656101227,"w":-0.9113541841506958},"size":2.366286516189575,"orthographic":false}